
CREATE TABLE categories (
    category_id VARCHAR(2) PRIMARY KEY,
    category_name VARCHAR(50) NOT NULL
);

CREATE TABLE subjects (
    subject_id VARCHAR(4) PRIMARY KEY,
    category_id VARCHAR(2),
    subject_name VARCHAR(50) NOT NULL,
    FOREIGN KEY (category_id) REFERENCES categories(category_id)
);

CREATE TABLE majors (
    major_id VARCHAR(10) PRIMARY KEY,
    subject_id VARCHAR(4),
    major_name VARCHAR(100) NOT NULL,
    FOREIGN KEY (subject_id) REFERENCES subjects(subject_id)
);

INSERT INTO categories (category_id, category_name) VALUES ('01', '哲学');
INSERT INTO categories (category_id, category_name) VALUES ('02', '经济学');
INSERT INTO categories (category_id, category_name) VALUES ('03', '法学');
INSERT INTO categories (category_id, category_name) VALUES ('04', '教育学');
INSERT INTO categories (category_id, category_name) VALUES ('05', '文学');
INSERT INTO categories (category_id, category_name) VALUES ('06', '历史学');
INSERT INTO categories (category_id, category_name) VALUES ('07', '理学');
INSERT INTO categories (category_id, category_name) VALUES ('08', '工学');
INSERT INTO categories (category_id, category_name) VALUES ('09', '农学');
INSERT INTO categories (category_id, category_name) VALUES ('10', '医学');
INSERT INTO categories (category_id, category_name) VALUES ('12', '管理学');
INSERT INTO categories (category_id, category_name) VALUES ('13', '艺术学');

INSERT INTO subjects (subject_id, category_id, subject_name) VALUES ('0101', '01', '哲学');
INSERT INTO subjects (subject_id, category_id, subject_name) VALUES ('0201', '02', '经济学');
INSERT INTO subjects (subject_id, category_id, subject_name) VALUES ('0202', '02', '财政学');
INSERT INTO subjects (subject_id, category_id, subject_name) VALUES ('0203', '02', '金融学');
INSERT INTO subjects (subject_id, category_id, subject_name) VALUES ('0204', '02', '经济与贸易');
INSERT INTO subjects (subject_id, category_id, subject_name) VALUES ('0301', '03', '法学');
INSERT INTO subjects (subject_id, category_id, subject_name) VALUES ('0302', '03', '政治学');
INSERT INTO subjects (subject_id, category_id, subject_name) VALUES ('0303', '03', '社会学');
INSERT INTO subjects (subject_id, category_id, subject_name) VALUES ('0304', '03', '民族学');
INSERT INTO subjects (subject_id, category_id, subject_name) VALUES ('0305', '03', '马克思主义理论');
INSERT INTO subjects (subject_id, category_id, subject_name) VALUES ('0306', '03', '公安学');
INSERT INTO subjects (subject_id, category_id, subject_name) VALUES ('0401', '04', '教育学');
INSERT INTO subjects (subject_id, category_id, subject_name) VALUES ('0402', '04', '体育学');
INSERT INTO subjects (subject_id, category_id, subject_name) VALUES ('0501', '05', '中国语言文学');
INSERT INTO subjects (subject_id, category_id, subject_name) VALUES ('0502', '05', '外国语言文学');
INSERT INTO subjects (subject_id, category_id, subject_name) VALUES ('0503', '05', '新闻传播学');
INSERT INTO subjects (subject_id, category_id, subject_name) VALUES ('0601', '06', '历史学');
INSERT INTO subjects (subject_id, category_id, subject_name) VALUES ('0701', '07', '数学');
INSERT INTO subjects (subject_id, category_id, subject_name) VALUES ('0702', '07', '物理学');
INSERT INTO subjects (subject_id, category_id, subject_name) VALUES ('0703', '07', '化学');
INSERT INTO subjects (subject_id, category_id, subject_name) VALUES ('0704', '07', '天文学');
INSERT INTO subjects (subject_id, category_id, subject_name) VALUES ('0705', '07', '地理科学');
INSERT INTO subjects (subject_id, category_id, subject_name) VALUES ('0706', '07', '大气科学');
INSERT INTO subjects (subject_id, category_id, subject_name) VALUES ('0707', '07', '海洋科学');
INSERT INTO subjects (subject_id, category_id, subject_name) VALUES ('0708', '07', '地球物理学');
INSERT INTO subjects (subject_id, category_id, subject_name) VALUES ('0709', '07', '地质学');
INSERT INTO subjects (subject_id, category_id, subject_name) VALUES ('0710', '07', '生物科学');
INSERT INTO subjects (subject_id, category_id, subject_name) VALUES ('0711', '07', '心理学');
INSERT INTO subjects (subject_id, category_id, subject_name) VALUES ('0712', '07', '统计学');
INSERT INTO subjects (subject_id, category_id, subject_name) VALUES ('0801', '08', '力学');
INSERT INTO subjects (subject_id, category_id, subject_name) VALUES ('0802', '08', '机械');
INSERT INTO subjects (subject_id, category_id, subject_name) VALUES ('0803', '08', '仪器');
INSERT INTO subjects (subject_id, category_id, subject_name) VALUES ('0804', '08', '材料');
INSERT INTO subjects (subject_id, category_id, subject_name) VALUES ('0805', '08', '能源动力');
INSERT INTO subjects (subject_id, category_id, subject_name) VALUES ('0806', '08', '电气');
INSERT INTO subjects (subject_id, category_id, subject_name) VALUES ('0807', '08', '电子信息');
INSERT INTO subjects (subject_id, category_id, subject_name) VALUES ('0808', '08', '自动化');
INSERT INTO subjects (subject_id, category_id, subject_name) VALUES ('0809', '08', '计算机');
INSERT INTO subjects (subject_id, category_id, subject_name) VALUES ('0810', '08', '土木');
INSERT INTO subjects (subject_id, category_id, subject_name) VALUES ('0811', '08', '水利');
INSERT INTO subjects (subject_id, category_id, subject_name) VALUES ('0812', '08', '测绘');
INSERT INTO subjects (subject_id, category_id, subject_name) VALUES ('0813', '08', '化工与制药');
INSERT INTO subjects (subject_id, category_id, subject_name) VALUES ('0814', '08', '地质');
INSERT INTO subjects (subject_id, category_id, subject_name) VALUES ('0815', '08', '矿业');
INSERT INTO subjects (subject_id, category_id, subject_name) VALUES ('0816', '08', '纺织');
INSERT INTO subjects (subject_id, category_id, subject_name) VALUES ('0817', '08', '轻工');
INSERT INTO subjects (subject_id, category_id, subject_name) VALUES ('0818', '08', '交通运输');
INSERT INTO subjects (subject_id, category_id, subject_name) VALUES ('0819', '08', '海洋工程');
INSERT INTO subjects (subject_id, category_id, subject_name) VALUES ('0820', '08', '航空航天');
INSERT INTO subjects (subject_id, category_id, subject_name) VALUES ('0821', '08', '兵器');
INSERT INTO subjects (subject_id, category_id, subject_name) VALUES ('0822', '08', '核工程');
INSERT INTO subjects (subject_id, category_id, subject_name) VALUES ('0823', '08', '农业工程');
INSERT INTO subjects (subject_id, category_id, subject_name) VALUES ('0824', '08', '林业工程');
INSERT INTO subjects (subject_id, category_id, subject_name) VALUES ('0825', '08', '环境科学与工程');
INSERT INTO subjects (subject_id, category_id, subject_name) VALUES ('0826', '08', '生物医学工程');
INSERT INTO subjects (subject_id, category_id, subject_name) VALUES ('0827', '08', '食品科学与工程');
INSERT INTO subjects (subject_id, category_id, subject_name) VALUES ('0828', '08', '建筑');
INSERT INTO subjects (subject_id, category_id, subject_name) VALUES ('0829', '08', '安全科学与工程');
INSERT INTO subjects (subject_id, category_id, subject_name) VALUES ('0830', '08', '生物工程');
INSERT INTO subjects (subject_id, category_id, subject_name) VALUES ('0831', '08', '公安技术');
INSERT INTO subjects (subject_id, category_id, subject_name) VALUES ('0901', '09', '植物生产');
INSERT INTO subjects (subject_id, category_id, subject_name) VALUES ('0902', '09', '自然保护与环境生态');
INSERT INTO subjects (subject_id, category_id, subject_name) VALUES ('0903', '09', '动物生产');
INSERT INTO subjects (subject_id, category_id, subject_name) VALUES ('0904', '09', '动物医学');
INSERT INTO subjects (subject_id, category_id, subject_name) VALUES ('0905', '09', '林学');
INSERT INTO subjects (subject_id, category_id, subject_name) VALUES ('0906', '09', '水产');
INSERT INTO subjects (subject_id, category_id, subject_name) VALUES ('0907', '09', '草学');
INSERT INTO subjects (subject_id, category_id, subject_name) VALUES ('1001', '10', '基础医学');
INSERT INTO subjects (subject_id, category_id, subject_name) VALUES ('1002', '10', '临床医学');
INSERT INTO subjects (subject_id, category_id, subject_name) VALUES ('1003', '10', '口腔医学');
INSERT INTO subjects (subject_id, category_id, subject_name) VALUES ('1004', '10', '公共卫生与预防医学');
INSERT INTO subjects (subject_id, category_id, subject_name) VALUES ('1005', '10', '中医学');
INSERT INTO subjects (subject_id, category_id, subject_name) VALUES ('1006', '10', '中西医结合');
INSERT INTO subjects (subject_id, category_id, subject_name) VALUES ('1007', '10', '药学');
INSERT INTO subjects (subject_id, category_id, subject_name) VALUES ('1008', '10', '中药学');
INSERT INTO subjects (subject_id, category_id, subject_name) VALUES ('1009', '10', '法医学');
INSERT INTO subjects (subject_id, category_id, subject_name) VALUES ('1010', '10', '医学技术');
INSERT INTO subjects (subject_id, category_id, subject_name) VALUES ('1011', '10', '护理学');
INSERT INTO subjects (subject_id, category_id, subject_name) VALUES ('1201', '12', '管理科学与工程');
INSERT INTO subjects (subject_id, category_id, subject_name) VALUES ('1202', '12', '工商管理');
INSERT INTO subjects (subject_id, category_id, subject_name) VALUES ('1203', '12', '农业经济管理');
INSERT INTO subjects (subject_id, category_id, subject_name) VALUES ('1204', '12', '公共管理');
INSERT INTO subjects (subject_id, category_id, subject_name) VALUES ('1205', '12', '图书情报与档案管理');
INSERT INTO subjects (subject_id, category_id, subject_name) VALUES ('1206', '12', '物流管理与工程');
INSERT INTO subjects (subject_id, category_id, subject_name) VALUES ('1207', '12', '工业工程');
INSERT INTO subjects (subject_id, category_id, subject_name) VALUES ('1208', '12', '电子商务');
INSERT INTO subjects (subject_id, category_id, subject_name) VALUES ('1209', '12', '旅游管理');
INSERT INTO subjects (subject_id, category_id, subject_name) VALUES ('1301', '13', '艺术学理论');
INSERT INTO subjects (subject_id, category_id, subject_name) VALUES ('1302', '13', '音乐与舞蹈学');
INSERT INTO subjects (subject_id, category_id, subject_name) VALUES ('1303', '13', '戏剧与影视学');
INSERT INTO subjects (subject_id, category_id, subject_name) VALUES ('1304', '13', '美术学');
INSERT INTO subjects (subject_id, category_id, subject_name) VALUES ('1305', '13', '设计学');

INSERT INTO majors (major_id, subject_id, major_name) VALUES ('010101', '0101', '哲学');
INSERT INTO majors (major_id, subject_id, major_name) VALUES ('010102', '0101', '逻辑学');
INSERT INTO majors (major_id, subject_id, major_name) VALUES ('010103K', '0101', '宗教学');
INSERT INTO majors (major_id, subject_id, major_name) VALUES ('010104T', '0101', '伦理学');
INSERT INTO majors (major_id, subject_id, major_name) VALUES ('020101', '0201', '经济学');
INSERT INTO majors (major_id, subject_id, major_name) VALUES ('020102', '0201', '经济统计学');
INSERT INTO majors (major_id, subject_id, major_name) VALUES ('020103T', '0201', '国民经济管理');
INSERT INTO majors (major_id, subject_id, major_name) VALUES ('020104T', '0201', '资源与环境经济学');
INSERT INTO majors (major_id, subject_id, major_name) VALUES ('020105T', '0201', '商务经济学');
INSERT INTO majors (major_id, subject_id, major_name) VALUES ('020106T', '0201', '能源经济');
INSERT INTO majors (major_id, subject_id, major_name) VALUES ('020211K', '0202', '财政学');
INSERT INTO majors (major_id, subject_id, major_name) VALUES ('020212', '0202', '税收学');
INSERT INTO majors (major_id, subject_id, major_name) VALUES ('020301K', '0203', '金融学');
INSERT INTO majors (major_id, subject_id, major_name) VALUES ('020302', '0203', '金融工程');
INSERT INTO majors (major_id, subject_id, major_name) VALUES ('020303', '0203', '保险学');
INSERT INTO majors (major_id, subject_id, major_name) VALUES ('020304', '0203', '投资学');
INSERT INTO majors (major_id, subject_id, major_name) VALUES ('020305T', '0203', '金融数学');
INSERT INTO majors (major_id, subject_id, major_name) VALUES ('020306T', '0203', '信用管理');
INSERT INTO majors (major_id, subject_id, major_name) VALUES ('020307T', '0203', '经济与金融');
INSERT INTO majors (major_id, subject_id, major_name) VALUES ('020401', '0204', '国际经济与贸易');
INSERT INTO majors (major_id, subject_id, major_name) VALUES ('020402', '0204', '贸易经济');
INSERT INTO majors (major_id, subject_id, major_name) VALUES ('030101K', '0301', '法学');
INSERT INTO majors (major_id, subject_id, major_name) VALUES ('030102T', '0301', '知识产权');
INSERT INTO majors (major_id, subject_id, major_name) VALUES ('030103T', '0301', '监狱学');
INSERT INTO majors (major_id, subject_id, major_name) VALUES ('030201', '0302', '政治学与行政学');
INSERT INTO majors (major_id, subject_id, major_name) VALUES ('030202', '0302', '国际政治');
INSERT INTO majors (major_id, subject_id, major_name) VALUES ('030203', '0302', '外交学');
INSERT INTO majors (major_id, subject_id, major_name) VALUES ('030204T', '0302', '国际事务与国际关系');
INSERT INTO majors (major_id, subject_id, major_name) VALUES ('030205T', '0302', '政治学、经济学与哲学');
INSERT INTO majors (major_id, subject_id, major_name) VALUES ('030301', '0303', '社会学');
INSERT INTO majors (major_id, subject_id, major_name) VALUES ('030302', '0303', '社会工作');
INSERT INTO majors (major_id, subject_id, major_name) VALUES ('030303T', '0303', '人类学');
INSERT INTO majors (major_id, subject_id, major_name) VALUES ('030304T', '0303', '女性学');
INSERT INTO majors (major_id, subject_id, major_name) VALUES ('030305T', '0303', '家政学');
INSERT INTO majors (major_id, subject_id, major_name) VALUES ('030401', '0304', '民族学');
INSERT INTO majors (major_id, subject_id, major_name) VALUES ('030501', '0305', '科学******');
INSERT INTO majors (major_id, subject_id, major_name) VALUES ('030502', '0305', '中国共产党历史');
INSERT INTO majors (major_id, subject_id, major_name) VALUES ('030503', '0305', '思想政治教育');
INSERT INTO majors (major_id, subject_id, major_name) VALUES ('030601K', '0306', '治安学');
INSERT INTO majors (major_id, subject_id, major_name) VALUES ('030602K', '0306', '侦查学');
INSERT INTO majors (major_id, subject_id, major_name) VALUES ('030603K', '0306', '边防管理');
INSERT INTO majors (major_id, subject_id, major_name) VALUES ('030604TK', '0306', '禁毒学');
INSERT INTO majors (major_id, subject_id, major_name) VALUES ('030605TK', '0306', '警犬技术');
INSERT INTO majors (major_id, subject_id, major_name) VALUES ('030606TK', '0306', '经济犯罪侦查');
INSERT INTO majors (major_id, subject_id, major_name) VALUES ('030607TK', '0306', '边防指挥');
INSERT INTO majors (major_id, subject_id, major_name) VALUES ('030608TK', '0306', '消防指挥');
INSERT INTO majors (major_id, subject_id, major_name) VALUES ('030610TK', '0306', '公安情报学');
INSERT INTO majors (major_id, subject_id, major_name) VALUES ('030611TK', '0306', '犯罪学');
INSERT INTO majors (major_id, subject_id, major_name) VALUES ('030612TK', '0306', '公安管理学');
INSERT INTO majors (major_id, subject_id, major_name) VALUES ('030613TK', '0306', '涉外警务');
INSERT INTO majors (major_id, subject_id, major_name) VALUES ('030614TK', '0306', '国内安全保卫');
INSERT INTO majors (major_id, subject_id, major_name) VALUES ('030615TK', '0306', '警务指挥与战术');
INSERT INTO majors (major_id, subject_id, major_name) VALUES ('040101', '0401', '教育学');
INSERT INTO majors (major_id, subject_id, major_name) VALUES ('040102', '0401', '科学教育');
INSERT INTO majors (major_id, subject_id, major_name) VALUES ('040103', '0401', '人文教育');
INSERT INTO majors (major_id, subject_id, major_name) VALUES ('040104', '0401', '教育技术学');
INSERT INTO majors (major_id, subject_id, major_name) VALUES ('040105', '0401', '艺术教育');
INSERT INTO majors (major_id, subject_id, major_name) VALUES ('040106', '0401', '学前教育');
INSERT INTO majors (major_id, subject_id, major_name) VALUES ('040107', '0401', '小学教育');
INSERT INTO majors (major_id, subject_id, major_name) VALUES ('040108', '0401', '特殊教育');
INSERT INTO majors (major_id, subject_id, major_name) VALUES ('040109T', '0401', '华文教育');
INSERT INTO majors (major_id, subject_id, major_name) VALUES ('040201', '0402', '体育教育');
INSERT INTO majors (major_id, subject_id, major_name) VALUES ('040202K', '0402', '运动训练');
INSERT INTO majors (major_id, subject_id, major_name) VALUES ('040203', '0402', '社会体育指导与管理');
INSERT INTO majors (major_id, subject_id, major_name) VALUES ('040204K', '0402', '武术与民族传统体育');
INSERT INTO majors (major_id, subject_id, major_name) VALUES ('040205', '0402', '运动人体科学');
INSERT INTO majors (major_id, subject_id, major_name) VALUES ('040206T', '0402', '运动康复');
INSERT INTO majors (major_id, subject_id, major_name) VALUES ('040207T', '0402', '休闲体育');
INSERT INTO majors (major_id, subject_id, major_name) VALUES ('040211TK', '0402', '智能体育工程');
INSERT INTO majors (major_id, subject_id, major_name) VALUES ('050101', '0501', '汉语言文学');
INSERT INTO majors (major_id, subject_id, major_name) VALUES ('050102', '0501', '汉语言');
INSERT INTO majors (major_id, subject_id, major_name) VALUES ('050103', '0501', '汉语国际教育');
INSERT INTO majors (major_id, subject_id, major_name) VALUES ('050104', '0501', '中国少数民族语言文学');
INSERT INTO majors (major_id, subject_id, major_name) VALUES ('050105', '0501', '古典文献学');
INSERT INTO majors (major_id, subject_id, major_name) VALUES ('050106T', '0501', '应用语言学');
INSERT INTO majors (major_id, subject_id, major_name) VALUES ('050107T', '0501', '秘书学');
INSERT INTO majors (major_id, subject_id, major_name) VALUES ('050201', '0502', '英语');
INSERT INTO majors (major_id, subject_id, major_name) VALUES ('050202', '0502', '俄语');
INSERT INTO majors (major_id, subject_id, major_name) VALUES ('050203', '0502', '德语');
INSERT INTO majors (major_id, subject_id, major_name) VALUES ('050204', '0502', '法语');
INSERT INTO majors (major_id, subject_id, major_name) VALUES ('050205', '0502', '西班牙语');
INSERT INTO majors (major_id, subject_id, major_name) VALUES ('050206', '0502', '阿拉伯语');
INSERT INTO majors (major_id, subject_id, major_name) VALUES ('050207', '0502', '日语');
INSERT INTO majors (major_id, subject_id, major_name) VALUES ('050208', '0502', '波斯语');
INSERT INTO majors (major_id, subject_id, major_name) VALUES ('050209', '0502', '朝鲜语');
INSERT INTO majors (major_id, subject_id, major_name) VALUES ('050210', '0502', '菲律宾语');
INSERT INTO majors (major_id, subject_id, major_name) VALUES ('050211', '0502', '梵语巴利语');
INSERT INTO majors (major_id, subject_id, major_name) VALUES ('050212', '0502', '印度尼西亚语');
INSERT INTO majors (major_id, subject_id, major_name) VALUES ('050213', '0502', '印地语');
INSERT INTO majors (major_id, subject_id, major_name) VALUES ('050214', '0502', '柬埔寨语');
INSERT INTO majors (major_id, subject_id, major_name) VALUES ('050215', '0502', '老挝语');
INSERT INTO majors (major_id, subject_id, major_name) VALUES ('050216', '0502', '缅甸语');
INSERT INTO majors (major_id, subject_id, major_name) VALUES ('050217', '0502', '马来语');
INSERT INTO majors (major_id, subject_id, major_name) VALUES ('050218', '0502', '蒙古语');
INSERT INTO majors (major_id, subject_id, major_name) VALUES ('050219', '0502', '僧伽罗语');
INSERT INTO majors (major_id, subject_id, major_name) VALUES ('050220', '0502', '泰语');
INSERT INTO majors (major_id, subject_id, major_name) VALUES ('050221', '0502', '乌尔都语');
INSERT INTO majors (major_id, subject_id, major_name) VALUES ('050222', '0502', '希伯来语');
INSERT INTO majors (major_id, subject_id, major_name) VALUES ('050223', '0502', '越南语');
INSERT INTO majors (major_id, subject_id, major_name) VALUES ('050224', '0502', '豪萨语');
INSERT INTO majors (major_id, subject_id, major_name) VALUES ('050225', '0502', '斯瓦希里语');
INSERT INTO majors (major_id, subject_id, major_name) VALUES ('050226', '0502', '阿尔巴尼亚语');
INSERT INTO majors (major_id, subject_id, major_name) VALUES ('050227', '0502', '保加利亚语');
INSERT INTO majors (major_id, subject_id, major_name) VALUES ('050228', '0502', '波兰语');
INSERT INTO majors (major_id, subject_id, major_name) VALUES ('050229', '0502', '捷克语');
INSERT INTO majors (major_id, subject_id, major_name) VALUES ('050230', '0502', '斯洛伐克语');
INSERT INTO majors (major_id, subject_id, major_name) VALUES ('050231', '0502', '罗马尼亚语');
INSERT INTO majors (major_id, subject_id, major_name) VALUES ('050232', '0502', '葡萄牙语');
INSERT INTO majors (major_id, subject_id, major_name) VALUES ('050233', '0502', '瑞典语');
INSERT INTO majors (major_id, subject_id, major_name) VALUES ('050234', '0502', '塞尔维亚语');
INSERT INTO majors (major_id, subject_id, major_name) VALUES ('050235', '0502', '土耳其语');
INSERT INTO majors (major_id, subject_id, major_name) VALUES ('050236', '0502', '希腊语');
INSERT INTO majors (major_id, subject_id, major_name) VALUES ('050237', '0502', '匈牙利语');
INSERT INTO majors (major_id, subject_id, major_name) VALUES ('050238', '0502', '意大利语');
INSERT INTO majors (major_id, subject_id, major_name) VALUES ('050239', '0502', '泰米尔语');
INSERT INTO majors (major_id, subject_id, major_name) VALUES ('050240', '0502', '普什图语');
INSERT INTO majors (major_id, subject_id, major_name) VALUES ('050241', '0502', '世界语');
INSERT INTO majors (major_id, subject_id, major_name) VALUES ('050242', '0502', '孟加拉语');
INSERT INTO majors (major_id, subject_id, major_name) VALUES ('050243', '0502', '尼泊尔语');
INSERT INTO majors (major_id, subject_id, major_name) VALUES ('050244', '0502', '克罗地亚语');
INSERT INTO majors (major_id, subject_id, major_name) VALUES ('050245', '0502', '荷兰语');
INSERT INTO majors (major_id, subject_id, major_name) VALUES ('050246', '0502', '芬兰语');
INSERT INTO majors (major_id, subject_id, major_name) VALUES ('050247', '0502', '乌克兰语');
INSERT INTO majors (major_id, subject_id, major_name) VALUES ('050248', '0502', '挪威语');
INSERT INTO majors (major_id, subject_id, major_name) VALUES ('050249', '0502', '丹麦语');
INSERT INTO majors (major_id, subject_id, major_name) VALUES ('050250', '0502', '冰岛语');
INSERT INTO majors (major_id, subject_id, major_name) VALUES ('050251', '0502', '爱尔兰语');
INSERT INTO majors (major_id, subject_id, major_name) VALUES ('050252', '0502', '拉脱维亚语');
INSERT INTO majors (major_id, subject_id, major_name) VALUES ('050253', '0502', '立陶宛语');
INSERT INTO majors (major_id, subject_id, major_name) VALUES ('050254', '0502', '斯洛文尼亚语');
INSERT INTO majors (major_id, subject_id, major_name) VALUES ('050255', '0502', '爱沙尼亚语');
INSERT INTO majors (major_id, subject_id, major_name) VALUES ('050256', '0502', '马耳他语');
INSERT INTO majors (major_id, subject_id, major_name) VALUES ('050257', '0502', '哈萨克语');
INSERT INTO majors (major_id, subject_id, major_name) VALUES ('050258', '0502', '乌兹别克语');
INSERT INTO majors (major_id, subject_id, major_name) VALUES ('050259', '0502', '祖鲁语');
INSERT INTO majors (major_id, subject_id, major_name) VALUES ('050260', '0502', '拉丁语');
INSERT INTO majors (major_id, subject_id, major_name) VALUES ('050261', '0502', '翻译');
INSERT INTO majors (major_id, subject_id, major_name) VALUES ('050262', '0502', '商务英语');
INSERT INTO majors (major_id, subject_id, major_name) VALUES ('050301', '0503', '新闻学');
INSERT INTO majors (major_id, subject_id, major_name) VALUES ('050302', '0503', '广播电视学');
INSERT INTO majors (major_id, subject_id, major_name) VALUES ('050303', '0503', '广告学');
INSERT INTO majors (major_id, subject_id, major_name) VALUES ('050304', '0503', '传播学');
INSERT INTO majors (major_id, subject_id, major_name) VALUES ('050305', '0503', '编辑出版学');
INSERT INTO majors (major_id, subject_id, major_name) VALUES ('050306T', '0503', '网络与新媒体');
INSERT INTO majors (major_id, subject_id, major_name) VALUES ('050307T', '0503', '数字出版');
INSERT INTO majors (major_id, subject_id, major_name) VALUES ('060101', '0601', '历史学');
INSERT INTO majors (major_id, subject_id, major_name) VALUES ('060102', '0601', '世界史');
INSERT INTO majors (major_id, subject_id, major_name) VALUES ('060103', '0601', '考古学');
INSERT INTO majors (major_id, subject_id, major_name) VALUES ('060104', '0601', '文物与博物馆学');
INSERT INTO majors (major_id, subject_id, major_name) VALUES ('060105T', '0601', '文物保护技术');
INSERT INTO majors (major_id, subject_id, major_name) VALUES ('060106T', '0601', '外国语言与外国历史');
INSERT INTO majors (major_id, subject_id, major_name) VALUES ('070101', '0701', '数学与应用数学');
INSERT INTO majors (major_id, subject_id, major_name) VALUES ('070102', '0701', '信息与计算科学');
INSERT INTO majors (major_id, subject_id, major_name) VALUES ('070103T', '0701', '数理基础科学');
INSERT INTO majors (major_id, subject_id, major_name) VALUES ('070201', '0702', '物理学');
INSERT INTO majors (major_id, subject_id, major_name) VALUES ('070202', '0702', '应用物理学');
INSERT INTO majors (major_id, subject_id, major_name) VALUES ('070203', '0702', '核物理');
INSERT INTO majors (major_id, subject_id, major_name) VALUES ('070204T', '0702', '声学');
INSERT INTO majors (major_id, subject_id, major_name) VALUES ('070301', '0703', '化学');
INSERT INTO majors (major_id, subject_id, major_name) VALUES ('070302', '0703', '应用化学');
INSERT INTO majors (major_id, subject_id, major_name) VALUES ('070303T', '0703', '化学生物学');
INSERT INTO majors (major_id, subject_id, major_name) VALUES ('070304T', '0703', '分子科学与工程');
INSERT INTO majors (major_id, subject_id, major_name) VALUES ('070401', '0704', '天文学');
INSERT INTO majors (major_id, subject_id, major_name) VALUES ('070501', '0705', '地理科学');
INSERT INTO majors (major_id, subject_id, major_name) VALUES ('070502', '0705', '自然地理与资源环境');
INSERT INTO majors (major_id, subject_id, major_name) VALUES ('070503', '0705', '人文地理与城乡规划');
INSERT INTO majors (major_id, subject_id, major_name) VALUES ('070504', '0705', '地理信息科学');
INSERT INTO majors (major_id, subject_id, major_name) VALUES ('070601', '0706', '大气科学');
INSERT INTO majors (major_id, subject_id, major_name) VALUES ('070602', '0706', '应用气象学');
INSERT INTO majors (major_id, subject_id, major_name) VALUES ('070701', '0707', '海洋科学');
INSERT INTO majors (major_id, subject_id, major_name) VALUES ('070702', '0707', '海洋技术(注：可授理学或工学学士学位)');
INSERT INTO majors (major_id, subject_id, major_name) VALUES ('070703T', '0707', '海洋资源与环境');
INSERT INTO majors (major_id, subject_id, major_name) VALUES ('070704T', '0707', '军事海洋学');
INSERT INTO majors (major_id, subject_id, major_name) VALUES ('070801', '0708', '地球物理学');
INSERT INTO majors (major_id, subject_id, major_name) VALUES ('070802', '0708', '空间科学与技术');
INSERT INTO majors (major_id, subject_id, major_name) VALUES ('070901', '0709', '地质学');
INSERT INTO majors (major_id, subject_id, major_name) VALUES ('070902', '0709', '地球化学');
INSERT INTO majors (major_id, subject_id, major_name) VALUES ('070903T', '0709', '地球信息科学与技术');
INSERT INTO majors (major_id, subject_id, major_name) VALUES ('070904T', '0709', '古生物学');
INSERT INTO majors (major_id, subject_id, major_name) VALUES ('071001', '0710', '生物科学');
INSERT INTO majors (major_id, subject_id, major_name) VALUES ('071002', '0710', '生物技术');
INSERT INTO majors (major_id, subject_id, major_name) VALUES ('071003', '0710', '生物信息学');
INSERT INTO majors (major_id, subject_id, major_name) VALUES ('071004', '0710', '生态学');
INSERT INTO majors (major_id, subject_id, major_name) VALUES ('071101', '0711', '心理学');
INSERT INTO majors (major_id, subject_id, major_name) VALUES ('071102', '0711', '应用心理学');
INSERT INTO majors (major_id, subject_id, major_name) VALUES ('071201', '0712', '统计学');
INSERT INTO majors (major_id, subject_id, major_name) VALUES ('071202', '0712', '应用统计学');
INSERT INTO majors (major_id, subject_id, major_name) VALUES ('080101', '0801', '理论与应用力学');
INSERT INTO majors (major_id, subject_id, major_name) VALUES ('080102', '0801', '工程力学');
INSERT INTO majors (major_id, subject_id, major_name) VALUES ('080201', '0802', '机械工程');
INSERT INTO majors (major_id, subject_id, major_name) VALUES ('080202', '0802', '机械设计制造及其自动化');
INSERT INTO majors (major_id, subject_id, major_name) VALUES ('080203', '0802', '材料成型及控制工程');
INSERT INTO majors (major_id, subject_id, major_name) VALUES ('080204', '0802', '机械电子工程');
INSERT INTO majors (major_id, subject_id, major_name) VALUES ('080205', '0802', '工业设计');
INSERT INTO majors (major_id, subject_id, major_name) VALUES ('080206', '0802', '过程装备与控制工程');
INSERT INTO majors (major_id, subject_id, major_name) VALUES ('080207', '0802', '车辆工程');
INSERT INTO majors (major_id, subject_id, major_name) VALUES ('080208', '0802', '汽车服务工程');
INSERT INTO majors (major_id, subject_id, major_name) VALUES ('080209T', '0802', '机械工艺技术');
INSERT INTO majors (major_id, subject_id, major_name) VALUES ('080211T', '0802', '机电技术教育');
INSERT INTO majors (major_id, subject_id, major_name) VALUES ('080212T', '0802', '汽车维修工程教育');
INSERT INTO majors (major_id, subject_id, major_name) VALUES ('080301', '0803', '测控技术与仪器');
INSERT INTO majors (major_id, subject_id, major_name) VALUES ('080401', '0804', '材料科学与工程');
INSERT INTO majors (major_id, subject_id, major_name) VALUES ('080402', '0804', '材料物理');
INSERT INTO majors (major_id, subject_id, major_name) VALUES ('080403', '0804', '材料化学');
INSERT INTO majors (major_id, subject_id, major_name) VALUES ('080404', '0804', '冶金工程');
INSERT INTO majors (major_id, subject_id, major_name) VALUES ('080405', '0804', '金属材料工程');
INSERT INTO majors (major_id, subject_id, major_name) VALUES ('080406', '0804', '无机非金属材料工程');
INSERT INTO majors (major_id, subject_id, major_name) VALUES ('080407', '0804', '高分子材料与工程');
INSERT INTO majors (major_id, subject_id, major_name) VALUES ('080408', '0804', '复合材料与工程');
INSERT INTO majors (major_id, subject_id, major_name) VALUES ('080409T', '0804', '粉体材料科学与工程');
INSERT INTO majors (major_id, subject_id, major_name) VALUES ('080410T', '0804', '宝石及材料工艺学');
INSERT INTO majors (major_id, subject_id, major_name) VALUES ('080411T', '0804', '焊接技术与工程');
INSERT INTO majors (major_id, subject_id, major_name) VALUES ('080412T', '0804', '功能材料');
INSERT INTO majors (major_id, subject_id, major_name) VALUES ('080413T', '0804', '纳米材料与技术');
INSERT INTO majors (major_id, subject_id, major_name) VALUES ('080414T', '0804', '新能源材料与器件');
INSERT INTO majors (major_id, subject_id, major_name) VALUES ('080501', '0805', '能源与动力工程');
INSERT INTO majors (major_id, subject_id, major_name) VALUES ('080502T', '0805', '能源与环境系统工程');
INSERT INTO majors (major_id, subject_id, major_name) VALUES ('080503T', '0805', '新能源科学与工程');
INSERT INTO majors (major_id, subject_id, major_name) VALUES ('080601', '0806', '电气工程及其自动化');
INSERT INTO majors (major_id, subject_id, major_name) VALUES ('080602T', '0806', '智能电网信息工程');
INSERT INTO majors (major_id, subject_id, major_name) VALUES ('080603T', '0806', '光源与照明');
INSERT INTO majors (major_id, subject_id, major_name) VALUES ('080604T', '0806', '电气工程与智能控制');
INSERT INTO majors (major_id, subject_id, major_name) VALUES ('080701', '0807', '电子信息工程');
INSERT INTO majors (major_id, subject_id, major_name) VALUES ('080702', '0807', '电子科学与技术');
INSERT INTO majors (major_id, subject_id, major_name) VALUES ('080703', '0807', '通信工程');
INSERT INTO majors (major_id, subject_id, major_name) VALUES ('080704', '0807', '微电子科学与工程');
INSERT INTO majors (major_id, subject_id, major_name) VALUES ('080705', '0807', '光电信息科学与工程');
INSERT INTO majors (major_id, subject_id, major_name) VALUES ('080706', '0807', '信息工程');
INSERT INTO majors (major_id, subject_id, major_name) VALUES ('080707T', '0807', '广播电视工程');
INSERT INTO majors (major_id, subject_id, major_name) VALUES ('080708T', '0807', '水声工程');
INSERT INTO majors (major_id, subject_id, major_name) VALUES ('080709T', '0807', '电子封装技术');
INSERT INTO majors (major_id, subject_id, major_name) VALUES ('080710T', '0807', '集成电路设计与集成系统');
INSERT INTO majors (major_id, subject_id, major_name) VALUES ('080711T', '0807', '医学信息工程');
INSERT INTO majors (major_id, subject_id, major_name) VALUES ('080712T', '0807', '电磁场与无线技术');
INSERT INTO majors (major_id, subject_id, major_name) VALUES ('080713T', '0807', '电波传播与天线');
INSERT INTO majors (major_id, subject_id, major_name) VALUES ('080714T', '0807', '电子信息科学与技术');
INSERT INTO majors (major_id, subject_id, major_name) VALUES ('080715T', '0807', '电信工程及管理');
INSERT INTO majors (major_id, subject_id, major_name) VALUES ('080716T', '0807', '应用电子技术教育');
INSERT INTO majors (major_id, subject_id, major_name) VALUES ('080801', '0808', '自动化');
INSERT INTO majors (major_id, subject_id, major_name) VALUES ('080802T', '0808', '轨道交通信号与控制');
INSERT INTO majors (major_id, subject_id, major_name) VALUES ('080901', '0809', '计算机科学与技术');
INSERT INTO majors (major_id, subject_id, major_name) VALUES ('080902', '0809', '软件工程');
INSERT INTO majors (major_id, subject_id, major_name) VALUES ('080903', '0809', '网络工程');
INSERT INTO majors (major_id, subject_id, major_name) VALUES ('080904K', '0809', '信息安全');
INSERT INTO majors (major_id, subject_id, major_name) VALUES ('080905', '0809', '物联网工程');
INSERT INTO majors (major_id, subject_id, major_name) VALUES ('080906', '0809', '数字媒体技术');
INSERT INTO majors (major_id, subject_id, major_name) VALUES ('080907T', '0809', '智能科学与技术');
INSERT INTO majors (major_id, subject_id, major_name) VALUES ('080908T', '0809', '空间信息与数字技术');
INSERT INTO majors (major_id, subject_id, major_name) VALUES ('080909T', '0809', '电子与计算机工程');
INSERT INTO majors (major_id, subject_id, major_name) VALUES ('081001', '0810', '土木工程');
INSERT INTO majors (major_id, subject_id, major_name) VALUES ('081002', '0810', '建筑环境与能源应用工程');
INSERT INTO majors (major_id, subject_id, major_name) VALUES ('081003', '0810', '给排水科学与工程');
INSERT INTO majors (major_id, subject_id, major_name) VALUES ('081004', '0810', '建筑电气与智能化');
INSERT INTO majors (major_id, subject_id, major_name) VALUES ('081005T', '0810', '城市地下空间工程');
INSERT INTO majors (major_id, subject_id, major_name) VALUES ('081006T', '0810', '道路桥梁与渡河工程');
INSERT INTO majors (major_id, subject_id, major_name) VALUES ('081007T', '0810', '铁道工程');
INSERT INTO majors (major_id, subject_id, major_name) VALUES ('081008T', '0810', '智能建造');
INSERT INTO majors (major_id, subject_id, major_name) VALUES ('081010T', '0810', '土木、水利与交通工程');
INSERT INTO majors (major_id, subject_id, major_name) VALUES ('081101', '0811', '水利水电工程');
INSERT INTO majors (major_id, subject_id, major_name) VALUES ('081102', '0811', '水文与水资源工程');
INSERT INTO majors (major_id, subject_id, major_name) VALUES ('081103', '0811', '港口航道与海岸工程');
INSERT INTO majors (major_id, subject_id, major_name) VALUES ('081104T', '0811', '水务工程');
INSERT INTO majors (major_id, subject_id, major_name) VALUES ('081201', '0812', '测绘工程');
INSERT INTO majors (major_id, subject_id, major_name) VALUES ('081202', '0812', '遥感科学与技术');
INSERT INTO majors (major_id, subject_id, major_name) VALUES ('081203T', '0812', '导航工程');
INSERT INTO majors (major_id, subject_id, major_name) VALUES ('081204T', '0812', '地理国情监测');
INSERT INTO majors (major_id, subject_id, major_name) VALUES ('081301', '0813', '化学工程与工艺');
INSERT INTO majors (major_id, subject_id, major_name) VALUES ('081302', '0813', '制药工程');
INSERT INTO majors (major_id, subject_id, major_name) VALUES ('081303T', '0813', '资源循环科学与工程');
INSERT INTO majors (major_id, subject_id, major_name) VALUES ('081304T', '0813', '能源化学工程');
INSERT INTO majors (major_id, subject_id, major_name) VALUES ('081305T', '0813', '化学工程与工业生物工程');
INSERT INTO majors (major_id, subject_id, major_name) VALUES ('081401', '0814', '地质工程');
INSERT INTO majors (major_id, subject_id, major_name) VALUES ('081402', '0814', '勘查技术与工程');
INSERT INTO majors (major_id, subject_id, major_name) VALUES ('081403', '0814', '资源勘查工程');
INSERT INTO majors (major_id, subject_id, major_name) VALUES ('081404T', '0814', '地下水科学与工程');
INSERT INTO majors (major_id, subject_id, major_name) VALUES ('081501', '0815', '采矿工程');
INSERT INTO majors (major_id, subject_id, major_name) VALUES ('081502', '0815', '石油工程');
INSERT INTO majors (major_id, subject_id, major_name) VALUES ('081503', '0815', '矿物加工工程');
INSERT INTO majors (major_id, subject_id, major_name) VALUES ('081504', '0815', '油气储运工程');
INSERT INTO majors (major_id, subject_id, major_name) VALUES ('081505T', '0815', '矿物资源工程');
INSERT INTO majors (major_id, subject_id, major_name) VALUES ('081506T', '0815', '海洋油气工程');
INSERT INTO majors (major_id, subject_id, major_name) VALUES ('081601', '0816', '纺织工程');
INSERT INTO majors (major_id, subject_id, major_name) VALUES ('081602', '0816', '服装设计与工程');
INSERT INTO majors (major_id, subject_id, major_name) VALUES ('081603T', '0816', '非织造材料与工程');
INSERT INTO majors (major_id, subject_id, major_name) VALUES ('081604T', '0816', '服装设计与工艺教育');
INSERT INTO majors (major_id, subject_id, major_name) VALUES ('081701', '0817', '轻化工程');
INSERT INTO majors (major_id, subject_id, major_name) VALUES ('081702', '0817', '包装工程');
INSERT INTO majors (major_id, subject_id, major_name) VALUES ('081703', '0817', '印刷工程');
INSERT INTO majors (major_id, subject_id, major_name) VALUES ('081801', '0818', '交通运输');
INSERT INTO majors (major_id, subject_id, major_name) VALUES ('081802', '0818', '交通工程');
INSERT INTO majors (major_id, subject_id, major_name) VALUES ('081803K', '0818', '航海技术');
INSERT INTO majors (major_id, subject_id, major_name) VALUES ('081804K', '0818', '轮机工程');
INSERT INTO majors (major_id, subject_id, major_name) VALUES ('081805K', '0818', '飞行技术');
INSERT INTO majors (major_id, subject_id, major_name) VALUES ('081806T', '0818', '交通设备与控制工程');
INSERT INTO majors (major_id, subject_id, major_name) VALUES ('081807T', '0818', '救助与打捞工程');
INSERT INTO majors (major_id, subject_id, major_name) VALUES ('081808TK', '0818', '船舶电子电气工程');
INSERT INTO majors (major_id, subject_id, major_name) VALUES ('081901', '0819', '船舶与海洋工程');
INSERT INTO majors (major_id, subject_id, major_name) VALUES ('081902T', '0819', '海洋工程与技术');
INSERT INTO majors (major_id, subject_id, major_name) VALUES ('081903T', '0819', '海洋资源开发技术');
INSERT INTO majors (major_id, subject_id, major_name) VALUES ('082001', '0820', '航空航天工程');
INSERT INTO majors (major_id, subject_id, major_name) VALUES ('082002', '0820', '飞行器设计与工程');
INSERT INTO majors (major_id, subject_id, major_name) VALUES ('082003', '0820', '飞行器制造工程');
INSERT INTO majors (major_id, subject_id, major_name) VALUES ('082004', '0820', '飞行器动力工程');
INSERT INTO majors (major_id, subject_id, major_name) VALUES ('082005', '0820', '飞行器环境与生命保障工程');
INSERT INTO majors (major_id, subject_id, major_name) VALUES ('082006T', '0820', '飞行器质量与可靠性');
INSERT INTO majors (major_id, subject_id, major_name) VALUES ('082007T', '0820', '飞行器适航技术');
INSERT INTO majors (major_id, subject_id, major_name) VALUES ('082101', '0821', '武器系统与工程');
INSERT INTO majors (major_id, subject_id, major_name) VALUES ('082102', '0821', '武器发射工程');
INSERT INTO majors (major_id, subject_id, major_name) VALUES ('082103', '0821', '探测制导与控制技术');
INSERT INTO majors (major_id, subject_id, major_name) VALUES ('082104', '0821', '弹药工程与爆炸技术');
INSERT INTO majors (major_id, subject_id, major_name) VALUES ('082105', '0821', '特种能源技术与工程');
INSERT INTO majors (major_id, subject_id, major_name) VALUES ('082106', '0821', '装甲车辆工程');
INSERT INTO majors (major_id, subject_id, major_name) VALUES ('082107', '0821', '信息对抗技术');
INSERT INTO majors (major_id, subject_id, major_name) VALUES ('082201', '0822', '核工程与核技术');
INSERT INTO majors (major_id, subject_id, major_name) VALUES ('082202', '0822', '辐射防护与核安全');
INSERT INTO majors (major_id, subject_id, major_name) VALUES ('082203', '0822', '工程物理');
INSERT INTO majors (major_id, subject_id, major_name) VALUES ('082204', '0822', '核化工与核燃料工程');
INSERT INTO majors (major_id, subject_id, major_name) VALUES ('082301', '0823', '农业工程');
INSERT INTO majors (major_id, subject_id, major_name) VALUES ('082302', '0823', '农业机械化及其自动化');
INSERT INTO majors (major_id, subject_id, major_name) VALUES ('082303', '0823', '农业电气化');
INSERT INTO majors (major_id, subject_id, major_name) VALUES ('082304', '0823', '农业建筑环境与能源工程');
INSERT INTO majors (major_id, subject_id, major_name) VALUES ('082305', '0823', '农业水利工程');
INSERT INTO majors (major_id, subject_id, major_name) VALUES ('082401', '0824', '森林工程');
INSERT INTO majors (major_id, subject_id, major_name) VALUES ('082402', '0824', '木材科学与工程');
INSERT INTO majors (major_id, subject_id, major_name) VALUES ('082403', '0824', '林产化工');
INSERT INTO majors (major_id, subject_id, major_name) VALUES ('082501', '0825', '环境科学与工程');
INSERT INTO majors (major_id, subject_id, major_name) VALUES ('082502', '0825', '环境工程');
INSERT INTO majors (major_id, subject_id, major_name) VALUES ('082503', '0825', '环境科学');
INSERT INTO majors (major_id, subject_id, major_name) VALUES ('082504', '0825', '环境生态工程');
INSERT INTO majors (major_id, subject_id, major_name) VALUES ('082505T', '0825', '环保设备工程');
INSERT INTO majors (major_id, subject_id, major_name) VALUES ('082506T', '0825', '资源环境科学');
INSERT INTO majors (major_id, subject_id, major_name) VALUES ('082507T', '0825', '水质科学与技术');
INSERT INTO majors (major_id, subject_id, major_name) VALUES ('082601', '0826', '生物医学工程');
INSERT INTO majors (major_id, subject_id, major_name) VALUES ('082602T', '0826', '假肢矫形工程');
INSERT INTO majors (major_id, subject_id, major_name) VALUES ('082603T', '0826', '临床工程技术');
INSERT INTO majors (major_id, subject_id, major_name) VALUES ('082604T', '0826', '康复工程');
INSERT INTO majors (major_id, subject_id, major_name) VALUES ('082701', '0827', '食品科学与工程');
INSERT INTO majors (major_id, subject_id, major_name) VALUES ('082702', '0827', '食品质量与安全');
INSERT INTO majors (major_id, subject_id, major_name) VALUES ('082703', '0827', '粮食工程');
INSERT INTO majors (major_id, subject_id, major_name) VALUES ('082704', '0827', '乳品工程');
INSERT INTO majors (major_id, subject_id, major_name) VALUES ('082705', '0827', '酿酒工程');
INSERT INTO majors (major_id, subject_id, major_name) VALUES ('082706T', '0827', '葡萄与葡萄酒工程');
INSERT INTO majors (major_id, subject_id, major_name) VALUES ('082707T', '0827', '食品营养与检验教育');
INSERT INTO majors (major_id, subject_id, major_name) VALUES ('082708T', '0827', '烹饪与营养教育');
INSERT INTO majors (major_id, subject_id, major_name) VALUES ('082801', '0828', '建筑学');
INSERT INTO majors (major_id, subject_id, major_name) VALUES ('082802', '0828', '城乡规划');
INSERT INTO majors (major_id, subject_id, major_name) VALUES ('082803', '0828', '风景园林');
INSERT INTO majors (major_id, subject_id, major_name) VALUES ('082804T', '0828', '历史建筑保护工程');
INSERT INTO majors (major_id, subject_id, major_name) VALUES ('082901', '0829', '安全工程');
INSERT INTO majors (major_id, subject_id, major_name) VALUES ('083001', '0830', '生物工程');
INSERT INTO majors (major_id, subject_id, major_name) VALUES ('083002T', '0830', '生物制药');
INSERT INTO majors (major_id, subject_id, major_name) VALUES ('083101K', '0831', '刑事科学技术');
INSERT INTO majors (major_id, subject_id, major_name) VALUES ('083102K', '0831', '消防工程');
INSERT INTO majors (major_id, subject_id, major_name) VALUES ('083103TK', '0831', '交通管理工程');
INSERT INTO majors (major_id, subject_id, major_name) VALUES ('083104TK', '0831', '安全防范工程');
INSERT INTO majors (major_id, subject_id, major_name) VALUES ('083105TK', '0831', '公安视听技术');
INSERT INTO majors (major_id, subject_id, major_name) VALUES ('083106TK', '0831', '抢险救援指挥与技术');
INSERT INTO majors (major_id, subject_id, major_name) VALUES ('083107TK', '0831', '火灾勘查');
INSERT INTO majors (major_id, subject_id, major_name) VALUES ('083108TK', '0831', '网络安全与执法');
INSERT INTO majors (major_id, subject_id, major_name) VALUES ('083109TK', '0831', '核生化消防');
INSERT INTO majors (major_id, subject_id, major_name) VALUES ('090101', '0901', '农学');
INSERT INTO majors (major_id, subject_id, major_name) VALUES ('090102', '0901', '园艺');
INSERT INTO majors (major_id, subject_id, major_name) VALUES ('090103', '0901', '植物保护');
INSERT INTO majors (major_id, subject_id, major_name) VALUES ('090104', '0901', '植物科学与技术');
INSERT INTO majors (major_id, subject_id, major_name) VALUES ('090105', '0901', '种子科学与工程');
INSERT INTO majors (major_id, subject_id, major_name) VALUES ('090106', '0901', '设施农业科学与工程');
INSERT INTO majors (major_id, subject_id, major_name) VALUES ('090107T', '0901', '茶学');
INSERT INTO majors (major_id, subject_id, major_name) VALUES ('090108T', '0901', '烟草');
INSERT INTO majors (major_id, subject_id, major_name) VALUES ('090109T', '0901', '应用生物科学');
INSERT INTO majors (major_id, subject_id, major_name) VALUES ('090110T', '0901', '农艺教育');
INSERT INTO majors (major_id, subject_id, major_name) VALUES ('090111T', '0901', '园艺教育');
INSERT INTO majors (major_id, subject_id, major_name) VALUES ('090201', '0902', '农业资源与环境');
INSERT INTO majors (major_id, subject_id, major_name) VALUES ('090202', '0902', '野生动物与自然保护区管理');
INSERT INTO majors (major_id, subject_id, major_name) VALUES ('090203', '0902', '水土保持与荒漠化防治');
INSERT INTO majors (major_id, subject_id, major_name) VALUES ('090301', '0903', '动物科学');
INSERT INTO majors (major_id, subject_id, major_name) VALUES ('090302T', '0903', '蚕学');
INSERT INTO majors (major_id, subject_id, major_name) VALUES ('090303T', '0903', '蜂学');
INSERT INTO majors (major_id, subject_id, major_name) VALUES ('090401', '0904', '动物医学');
INSERT INTO majors (major_id, subject_id, major_name) VALUES ('090402', '0904', '动物药学');
INSERT INTO majors (major_id, subject_id, major_name) VALUES ('090403T', '0904', '动植物检疫');
INSERT INTO majors (major_id, subject_id, major_name) VALUES ('090501', '0905', '林学');
INSERT INTO majors (major_id, subject_id, major_name) VALUES ('090502', '0905', '园林');
INSERT INTO majors (major_id, subject_id, major_name) VALUES ('090503', '0905', '森林保护');
INSERT INTO majors (major_id, subject_id, major_name) VALUES ('090601', '0906', '水产养殖学');
INSERT INTO majors (major_id, subject_id, major_name) VALUES ('090602', '0906', '海洋渔业科学与技术');
INSERT INTO majors (major_id, subject_id, major_name) VALUES ('090603T', '0906', '水族科学与技术');
INSERT INTO majors (major_id, subject_id, major_name) VALUES ('090604TK', '0906', '水生动物医学');
INSERT INTO majors (major_id, subject_id, major_name) VALUES ('090701', '0907', '草业科学');
INSERT INTO majors (major_id, subject_id, major_name) VALUES ('100101K', '1001', '基础医学');
INSERT INTO majors (major_id, subject_id, major_name) VALUES ('100201K', '1002', '临床医学');
INSERT INTO majors (major_id, subject_id, major_name) VALUES ('100202TK', '1002', '麻醉学');
INSERT INTO majors (major_id, subject_id, major_name) VALUES ('100203TK', '1002', '医学影像学');
INSERT INTO majors (major_id, subject_id, major_name) VALUES ('100204TK', '1002', '眼视光医学');
INSERT INTO majors (major_id, subject_id, major_name) VALUES ('100205TK', '1002', '精神医学');
INSERT INTO majors (major_id, subject_id, major_name) VALUES ('100206TK', '1002', '放射医学');
INSERT INTO majors (major_id, subject_id, major_name) VALUES ('100207TK', '1002', '儿科学');
INSERT INTO majors (major_id, subject_id, major_name) VALUES ('100301K', '1003', '口腔医学');
INSERT INTO majors (major_id, subject_id, major_name) VALUES ('100401K', '1004', '预防医学');
INSERT INTO majors (major_id, subject_id, major_name) VALUES ('100402', '1004', '食品卫生与营养学');
INSERT INTO majors (major_id, subject_id, major_name) VALUES ('100403TK', '1004', '妇幼保健医学');
INSERT INTO majors (major_id, subject_id, major_name) VALUES ('100404TK', '1004', '卫生监督');
INSERT INTO majors (major_id, subject_id, major_name) VALUES ('100405TK', '1004', '全球健康学');
INSERT INTO majors (major_id, subject_id, major_name) VALUES ('100501K', '1005', '中医学');
INSERT INTO majors (major_id, subject_id, major_name) VALUES ('100502K', '1005', '针灸推拿学');
INSERT INTO majors (major_id, subject_id, major_name) VALUES ('100503K', '1005', '藏医学');
INSERT INTO majors (major_id, subject_id, major_name) VALUES ('100504K', '1005', '蒙医学');
INSERT INTO majors (major_id, subject_id, major_name) VALUES ('100505K', '1005', '维医学');
INSERT INTO majors (major_id, subject_id, major_name) VALUES ('100506K', '1005', '壮医学');
INSERT INTO majors (major_id, subject_id, major_name) VALUES ('100507K', '1005', '哈医学');
INSERT INTO majors (major_id, subject_id, major_name) VALUES ('100601K', '1006', '中西医临床医学');
INSERT INTO majors (major_id, subject_id, major_name) VALUES ('100701', '1007', '药学');
INSERT INTO majors (major_id, subject_id, major_name) VALUES ('100702', '1007', '药物制剂');
INSERT INTO majors (major_id, subject_id, major_name) VALUES ('100703TK', '1007', '临床药学');
INSERT INTO majors (major_id, subject_id, major_name) VALUES ('100704T', '1007', '药事管理');
INSERT INTO majors (major_id, subject_id, major_name) VALUES ('100705T', '1007', '药物分析');
INSERT INTO majors (major_id, subject_id, major_name) VALUES ('100706T', '1007', '药物化学');
INSERT INTO majors (major_id, subject_id, major_name) VALUES ('100707T', '1007', '海洋药学');
INSERT INTO majors (major_id, subject_id, major_name) VALUES ('100801', '1008', '中药学');
INSERT INTO majors (major_id, subject_id, major_name) VALUES ('100802', '1008', '中药资源与开发');
INSERT INTO majors (major_id, subject_id, major_name) VALUES ('100803T', '1008', '藏药学');
INSERT INTO majors (major_id, subject_id, major_name) VALUES ('100804T', '1008', '蒙药学');
INSERT INTO majors (major_id, subject_id, major_name) VALUES ('100805T', '1008', '中药制药');
INSERT INTO majors (major_id, subject_id, major_name) VALUES ('100901K', '1009', '法医学');
INSERT INTO majors (major_id, subject_id, major_name) VALUES ('101001', '1010', '医学检验技术');
INSERT INTO majors (major_id, subject_id, major_name) VALUES ('101002', '1010', '医学实验技术');
INSERT INTO majors (major_id, subject_id, major_name) VALUES ('101003', '1010', '医学影像技术');
INSERT INTO majors (major_id, subject_id, major_name) VALUES ('101004', '1010', '眼视光学');
INSERT INTO majors (major_id, subject_id, major_name) VALUES ('101005', '1010', '康复治疗学');
INSERT INTO majors (major_id, subject_id, major_name) VALUES ('101006', '1010', '口腔医学技术');
INSERT INTO majors (major_id, subject_id, major_name) VALUES ('101007', '1010', '卫生检验与检疫');
INSERT INTO majors (major_id, subject_id, major_name) VALUES ('101008T', '1010', '听力与言语康复学');
INSERT INTO majors (major_id, subject_id, major_name) VALUES ('101101', '1011', '护理学');
INSERT INTO majors (major_id, subject_id, major_name) VALUES ('120101', '1201', '管理科学');
INSERT INTO majors (major_id, subject_id, major_name) VALUES ('120102', '1201', '信息管理与信息系统');
INSERT INTO majors (major_id, subject_id, major_name) VALUES ('120103', '1201', '工程管理');
INSERT INTO majors (major_id, subject_id, major_name) VALUES ('120104', '1201', '房地产开发与管理');
INSERT INTO majors (major_id, subject_id, major_name) VALUES ('120105', '1201', '工程造价');
INSERT INTO majors (major_id, subject_id, major_name) VALUES ('120106TK', '1201', '保密管理');
INSERT INTO majors (major_id, subject_id, major_name) VALUES ('120211K', '1202', '工商管理');
INSERT INTO majors (major_id, subject_id, major_name) VALUES ('120212', '1202', '市场营销');
INSERT INTO majors (major_id, subject_id, major_name) VALUES ('120213K', '1202', '会计学');
INSERT INTO majors (major_id, subject_id, major_name) VALUES ('120214', '1202', '财务管理');
INSERT INTO majors (major_id, subject_id, major_name) VALUES ('120215', '1202', '国际商务');
INSERT INTO majors (major_id, subject_id, major_name) VALUES ('120216', '1202', '人力资源管理');
INSERT INTO majors (major_id, subject_id, major_name) VALUES ('120217', '1202', '审计学');
INSERT INTO majors (major_id, subject_id, major_name) VALUES ('120218', '1202', '资产评估');
INSERT INTO majors (major_id, subject_id, major_name) VALUES ('120219', '1202', '物业管理');
INSERT INTO majors (major_id, subject_id, major_name) VALUES ('120210', '1202', '文化产业管理');
INSERT INTO majors (major_id, subject_id, major_name) VALUES ('120211T', '1202', '劳动关系');
INSERT INTO majors (major_id, subject_id, major_name) VALUES ('120212T', '1202', '体育经济与管理');
INSERT INTO majors (major_id, subject_id, major_name) VALUES ('120213T', '1202', '财务会计教育');
INSERT INTO majors (major_id, subject_id, major_name) VALUES ('120214T', '1202', '市场营销教育');
INSERT INTO majors (major_id, subject_id, major_name) VALUES ('120301', '1203', '农林经济管理');
INSERT INTO majors (major_id, subject_id, major_name) VALUES ('120302', '1203', '农村区域发展');
INSERT INTO majors (major_id, subject_id, major_name) VALUES ('120401', '1204', '公共事业管理');
INSERT INTO majors (major_id, subject_id, major_name) VALUES ('120402', '1204', '行政管理');
INSERT INTO majors (major_id, subject_id, major_name) VALUES ('120403', '1204', '劳动与社会保障');
INSERT INTO majors (major_id, subject_id, major_name) VALUES ('120404', '1204', '土地资源管理');
INSERT INTO majors (major_id, subject_id, major_name) VALUES ('120405', '1204', '城市管理');
INSERT INTO majors (major_id, subject_id, major_name) VALUES ('120406TK', '1204', '海关管理');
INSERT INTO majors (major_id, subject_id, major_name) VALUES ('120407T', '1204', '交通管理');
INSERT INTO majors (major_id, subject_id, major_name) VALUES ('120408T', '1204', '海事管理');
INSERT INTO majors (major_id, subject_id, major_name) VALUES ('120409T', '1204', '公共关系学');
INSERT INTO majors (major_id, subject_id, major_name) VALUES ('120501', '1205', '图书馆学');
INSERT INTO majors (major_id, subject_id, major_name) VALUES ('120502', '1205', '档案学');
INSERT INTO majors (major_id, subject_id, major_name) VALUES ('120503', '1205', '信息资源管理');
INSERT INTO majors (major_id, subject_id, major_name) VALUES ('120601', '1206', '物流管理');
INSERT INTO majors (major_id, subject_id, major_name) VALUES ('120602', '1206', '物流工程');
INSERT INTO majors (major_id, subject_id, major_name) VALUES ('120603T', '1206', '采购管理');
INSERT INTO majors (major_id, subject_id, major_name) VALUES ('120701', '1207', '工业工程');
INSERT INTO majors (major_id, subject_id, major_name) VALUES ('120702T', '1207', '标准化工程');
INSERT INTO majors (major_id, subject_id, major_name) VALUES ('120703T', '1207', '质量管理工程');
INSERT INTO majors (major_id, subject_id, major_name) VALUES ('120801', '1208', '电子商务');
INSERT INTO majors (major_id, subject_id, major_name) VALUES ('120802T', '1208', '电子商务及法律');
INSERT INTO majors (major_id, subject_id, major_name) VALUES ('120901K', '1209', '旅游管理');
INSERT INTO majors (major_id, subject_id, major_name) VALUES ('120902', '1209', '酒店管理');
INSERT INTO majors (major_id, subject_id, major_name) VALUES ('120903', '1209', '会展经济与管理');
INSERT INTO majors (major_id, subject_id, major_name) VALUES ('120904T', '1209', '旅游管理与服务教育');
INSERT INTO majors (major_id, subject_id, major_name) VALUES ('130101', '1301', '艺术史论');
INSERT INTO majors (major_id, subject_id, major_name) VALUES ('130201', '1302', '音乐表演');
INSERT INTO majors (major_id, subject_id, major_name) VALUES ('130202', '1302', '音乐学');
INSERT INTO majors (major_id, subject_id, major_name) VALUES ('130203', '1302', '作曲与作曲技术理论');
INSERT INTO majors (major_id, subject_id, major_name) VALUES ('130204', '1302', '舞蹈表演');
INSERT INTO majors (major_id, subject_id, major_name) VALUES ('130205', '1302', '舞蹈学');
INSERT INTO majors (major_id, subject_id, major_name) VALUES ('130206', '1302', '舞蹈编导');
INSERT INTO majors (major_id, subject_id, major_name) VALUES ('130301', '1303', '表演');
INSERT INTO majors (major_id, subject_id, major_name) VALUES ('130302', '1303', '戏剧学');
INSERT INTO majors (major_id, subject_id, major_name) VALUES ('130303', '1303', '电影学');
INSERT INTO majors (major_id, subject_id, major_name) VALUES ('130304', '1303', '戏剧影视文学');
INSERT INTO majors (major_id, subject_id, major_name) VALUES ('130305', '1303', '广播电视编导');
INSERT INTO majors (major_id, subject_id, major_name) VALUES ('130306', '1303', '戏剧影视导演');
INSERT INTO majors (major_id, subject_id, major_name) VALUES ('130307', '1303', '戏剧影视美术设计');
INSERT INTO majors (major_id, subject_id, major_name) VALUES ('130308', '1303', '录音艺术');
INSERT INTO majors (major_id, subject_id, major_name) VALUES ('130309', '1303', '播音与主持艺术');
INSERT INTO majors (major_id, subject_id, major_name) VALUES ('130310', '1303', '动画');
INSERT INTO majors (major_id, subject_id, major_name) VALUES ('130311T', '1303', '影视摄影与制作');
INSERT INTO majors (major_id, subject_id, major_name) VALUES ('130401', '1304', '美术学');
INSERT INTO majors (major_id, subject_id, major_name) VALUES ('130402', '1304', '绘画');
INSERT INTO majors (major_id, subject_id, major_name) VALUES ('130403', '1304', '雕塑');
INSERT INTO majors (major_id, subject_id, major_name) VALUES ('130404', '1304', '摄影');
INSERT INTO majors (major_id, subject_id, major_name) VALUES ('130405T', '1304', '书法学');
INSERT INTO majors (major_id, subject_id, major_name) VALUES ('130406T', '1304', '中国画');
INSERT INTO majors (major_id, subject_id, major_name) VALUES ('130407TK', '1304', '实验艺术');
INSERT INTO majors (major_id, subject_id, major_name) VALUES ('130501', '1305', '艺术设计学');
INSERT INTO majors (major_id, subject_id, major_name) VALUES ('130502', '1305', '视觉传达设计');
INSERT INTO majors (major_id, subject_id, major_name) VALUES ('130503', '1305', '环境设计');
INSERT INTO majors (major_id, subject_id, major_name) VALUES ('130504', '1305', '产品设计');
INSERT INTO majors (major_id, subject_id, major_name) VALUES ('130505', '1305', '服装与服饰设计');
INSERT INTO majors (major_id, subject_id, major_name) VALUES ('130506', '1305', '公共艺术');
INSERT INTO majors (major_id, subject_id, major_name) VALUES ('130507', '1305', '工艺美术');
INSERT INTO majors (major_id, subject_id, major_name) VALUES ('130508', '1305', '数字媒体艺术');
INSERT INTO majors (major_id, subject_id, major_name) VALUES ('130509T', '1305', '艺术与科技');
